category,service,price,billing,requires,in_base_package,boosting_budget_included,min_term_months,note
Base package,AiR Dashboard,1500,monthly,,yes,,12,"Dashboard access; new website; website updates and optimisation; weekly opportunities; 2 blog posts a month; Signal Sessions or weekly email. 12 month term because it carries a website build"
Base package,SEO,250,monthly,AiR Dashboard,yes,,1,
Base package,Facebook,600,monthly,AiR Dashboard,yes,100,1,"3 static graphics a week. Client-filmed video edited and posted at the same price"
Base package,Instagram,600,monthly,AiR Dashboard,yes,100,1,"3 static graphics a week. Client-filmed video edited and posted at the same price"
Base package,Local monthly filming,200,monthly,Instagram,yes,,1,"Add-on to Instagram, not available on its own"
Base package,LinkedIn,500,monthly,AiR Dashboard,yes,100,1,"3 static graphics a week. Client-filmed video edited and posted at the same price"
Base package,Google Business Profile,500,monthly,AiR Dashboard,yes,100,1,"3 static graphics a week posted to the profile. Client-filmed video edited and posted at the same price"
Base package,Reddit,250,monthly,AiR Dashboard,yes,,1,"Find and contribute to 2 relevant Reddit threads a week. Threads not graphics, no boosting budget"
Paid Media,Google Ads,,monthly,,no,,1,"Banded 50/40/35/32/30 on COMBINED monthly ad spend across all channels, each band applying only to the part of spend inside it. Min $1,000/mo across paid media as a whole"
Paid Media,Meta Ads,,monthly,,no,,1,"Same combined-spend band ladder as Google Ads"
Paid Media,LinkedIn Ads,,monthly,,no,,1,"Same combined-spend band ladder as Google Ads"
Paid Media,TikTok Ads,,monthly,,no,,1,"Same combined-spend band ladder as Google Ads. New channel, no prior Duo pricing"
Content & Creative,Email Marketing,500,monthly,,no,,1,"Extra blasts $200 each"
Content & Creative,Video Production,150,per production hour,,no,,12,"Minimum project $2,000, capped at $50,000 (13 to 334 hrs)"
Web & Search,Website Build,4000,one-time,,no,,12,"Standalone. The base package already carries a website"
Web & Search,Website Management & Hosting,100,monthly,,no,,1,"Standalone. MARGIN CHECK: $30 platform cost and 2 delivery hours leaves ~$35/hr of contribution"
